genomic_feature(s)	population1_pct	population2_pct	pvalue	padj	Log2_fold_change	SiteLocation	NumSites	FC_direction
GRIA2:chr4:157363495-157364003:1	UTR3	0.458823529411765	0.776065926191329	1.37129151678647e-05	0.013008985522581	0.588325717197067	1	6	Up
NKTR:chr3:42600674-42627647:1	UTR3	0.270588235294118	0.676818344679326	1.17223790488385e-05	0.013008985522581	-0.990297002554265	1	6	Down
AMER2:chr13:25161684-25162088:-1	UTR3	0.0823529411764706	0.118595485489072	1.53581242740032e-06	0.00437092216838132	1.09556273793179	4	4	Up
