genomic_feature(s)	population1_pct	population2_pct	pvalue	padj	Log2_fold_change	SiteLocation	NumSites	FC_direction
XAF1:chr17:6774785-6775647:1	UTR3	0.160919540229885	0.169714703730797	3.43357911362899e-06	0.00152365073167287	0.999976065103059	3	3	Up
ITM2B:chr13:48261377-48261980:1	UTR3	0.316091954022989	0.477688368690563	1.68743067088585e-05	0.00427884205831768	0.727765721843574	2	2	Up
DDX5:chr17:64499590-64500022:-1	UTR3	0.431034482758621	0.594732991953182	7.53454584134601e-12	1.33738188683892e-08	0.826610082465621	2	2	Up
SIGLEC10:chr19:51410020-51410332:-1	UTR3	0.172413793103448	0.226042428675933	0.000225662883954972	0.0364137835472796	0.651622185160611	2	2	Up
DDX5:chr17:64504088-64506573:-1	UTR3	0.0689655172413793	0.561814191660571	5.00113976492269e-08	2.95900769424593e-05	-1.6911323314543	2	2	Down
FTH1:chr11:61965041-61967561:-1	UTR3	0.0862068965517241	0.349670811997074	5.36418768786171e-06	0.00190428662919091	-1.3190204192197	1	3	Down
